{
    "root_group": {
        "name": "",
        "path": "",
        "id": "d41d8cd98f00b204e9800998ecf8427e",
        "groups": {},
        "checks": {
                "is status 200": {
                    "fails": 0,
                    "name": "is status 200",
                    "path": "::is status 200",
                    "id": "548d37ca5f33793206f7832e7cea54fb",
                    "passes": 63
                }
            }
    },
    "metrics": {
        "checks": {
            "passes": 63,
            "fails": 0,
            "value": 1
        },
        "vus_max": {
            "value": 1,
            "min": 1,
            "max": 1
        },
        "http_reqs": {
            "count": 63,
            "rate": 3.1450053069967723
        },
        "data_sent": {
            "count": 4247,
            "rate": 212.0132942669094
        },
        "http_req_sending": {
            "avg": 0.22348730158730154,
            "min": 0,
            "med": 0,
            "max": 1.0107,
            "p(90)": 0.5748000000000001,
            "p(95)": 0.9064999999999996
        },
        "http_req_waiting": {
            "med": 161.9792,
            "max": 8828.9554,
            "p(90)": 180.33924000000002,
            "p(95)": 193.65708999999998,
            "avg": 302.3236984126985,
            "min": 153.1095
        },
        "http_req_tls_handshaking": {
            "avg": 5.932385714285714,
            "min": 0,
            "med": 0,
            "max": 373.7403,
            "p(90)": 0,
            "p(95)": 0
        },
        "http_req_duration{expected_response:true}": {
            "med": 162.3648,
            "max": 8830.207,
            "p(90)": 180.67452,
            "p(95)": 194.23493,
            "avg": 302.99548095238106,
            "min": 153.8964
        },
        "vus": {
            "value": 1,
            "min": 1,
            "max": 1
        },
        "iteration_duration": {
            "avg": 315.10451428571423,
            "min": 153.8962,
            "med": 162.9812,
            "max": 9566.6443,
            "p(90)": 181.63124000000002,
            "p(95)": 194.30228
        },
        "iterations": {
            "count": 63,
            "rate": 3.1450053069967723
        },
        "http_req_blocked": {
            "p(95)": 0,
            "avg": 11.695433333333334,
            "min": 0,
            "med": 0,
            "max": 736.8123,
            "p(90)": 0
        },
        "http_req_receiving": {
            "max": 1.6764,
            "p(90)": 1.0388600000000003,
            "p(95)": 1.09328,
            "avg": 0.4482952380952381,
            "min": 0,
            "med": 0.3107
        },
        "data_received": {
            "count": 117589,
            "rate": 5870.127445149897
        },
        "http_req_failed": {
            "passes": 0,
            "fails": 63,
            "value": 0
        },
        "http_req_duration": {
            "avg": 302.99548095238106,
            "min": 153.8964,
            "med": 162.3648,
            "max": 8830.207,
            "p(90)": 180.67452,
            "p(95)": 194.23493
        },
        "http_req_connecting": {
            "max": 161.4554,
            "p(90)": 0,
            "p(95)": 0,
            "avg": 2.562784126984127,
            "min": 0,
            "med": 0
        }
    }
}